{
  "Items": {
    "Apple": "Яблоко",
    "Log": "Бревно"
  },

  "ItemDescription": {
    "BaseFood": "Можно съесть",
    "Apple": "Плод яблони",
    "Log": "Можно поставить"
  },

  "Events": {
    "Eating": "было съедено"
  },

  "UI": {
    "Navigation": "для навигации используйте: \"←→↑↓\". А для выбора \"Enter\"",
    "NavigationBack": "нажмите \"Escape\", для выхода в главное меню",
    "Play": "Играть",
    "Settings": "Настройки",
    "Exit": "Выход",
    "Name": "Имя:",
    "Seed": "Сид:",
    "Version": "версия:",
    "Inventory": "Инвентарь:",
    "Day": "День:",
    "Time": "Время:",
    "Structure": "Структура:",
    "Paused": "*На паузе*"
  }
}